station,x_m,s_lwl,z_m,y_half_m,z_frac
0,0.0,0.0,0.0324,4e-05,0.0
0,0.0,0.0,0.0949,0.00015,0.0909
0,0.0,0.0,0.1574,0.00035,0.1818
0,0.0,0.0,0.2199,0.00054,0.2727
0,0.0,0.0,0.2824,0.00055,0.3636
0,0.0,0.0,0.3449,0.00055,0.4545
0,0.0,0.0,0.4075,0.00056,0.5455
0,0.0,0.0,0.47,0.00056,0.6364
0,0.0,0.0,0.5325,0.00057,0.7273
0,0.0,0.0,0.595,0.00057,0.8182
0,0.0,0.0,0.6575,0.00058,0.9091
0,0.0,0.0,0.72,0.00058,1.0
1,0.45,0.0314,0.0286,0.00074,0.0
1,0.45,0.0314,0.0915,0.00253,0.0909
1,0.45,0.0314,0.1543,0.00596,0.1818
1,0.45,0.0314,0.2172,0.00931,0.2727
1,0.45,0.0314,0.28,0.00939,0.3636
1,0.45,0.0314,0.3429,0.00947,0.4545
1,0.45,0.0314,0.4057,0.00956,0.5455
1,0.45,0.0314,0.4686,0.00965,0.6364
1,0.45,0.0314,0.5314,0.00975,0.7273
1,0.45,0.0314,0.5943,0.00984,0.8182
1,0.45,0.0314,0.6571,0.00994,0.9091
1,0.45,0.0314,0.72,0.01004,1.0
2,0.9,0.0837,0.0228,0.00551,0.0
2,0.9,0.0837,0.0862,0.01873,0.0909
2,0.9,0.0837,0.1496,0.04422,0.1818
2,0.9,0.0837,0.213,0.06904,0.2727
2,0.9,0.0837,0.2763,0.06961,0.3636
2,0.9,0.0837,0.3397,0.07024,0.4545
2,0.9,0.0837,0.4031,0.0709,0.5455
2,0.9,0.0837,0.4665,0.07158,0.6364
2,0.9,0.0837,0.5299,0.07228,0.7273
2,0.9,0.0837,0.5932,0.07299,0.8182
2,0.9,0.0837,0.6566,0.07371,0.9091
2,0.9,0.0837,0.72,0.07444,1.0
3,1.35,0.136,0.0177,0.00848,0.0
3,1.35,0.136,0.0815,0.0288,0.0909
3,1.35,0.136,0.1454,0.06799,0.1818
3,1.35,0.136,0.2092,0.10615,0.2727
3,1.35,0.136,0.2731,0.10703,0.3636
3,1.35,0.136,0.3369,0.108,0.4545
3,1.35,0.136,0.4008,0.10901,0.5455
3,1.35,0.136,0.4646,0.11005,0.6364
3,1.35,0.136,0.5285,0.11112,0.7273
3,1.35,0.136,0.5923,0.11221,0.8182
3,1.35,0.136,0.6562,0.11332,0.9091
3,1.35,0.136,0.72,0.11444,1.0
4,1.8,0.1884,0.0132,0.01107,0.0
4,1.8,0.1884,0.0774,0.03761,0.0909
4,1.8,0.1884,0.1417,0.08879,0.1818
4,1.8,0.1884,0.2059,0.13863,0.2727
4,1.8,0.1884,0.2702,0.13979,0.3636
4,1.8,0.1884,0.3345,0.14105,0.4545
4,1.8,0.1884,0.3987,0.14237,0.5455
4,1.8,0.1884,0.463,0.14374,0.6364
4,1.8,0.1884,0.5272,0.14513,0.7273
4,1.8,0.1884,0.5915,0.14656,0.8182
4,1.8,0.1884,0.6557,0.148,0.9091
4,1.8,0.1884,0.72,0.14947,1.0
5,2.25,0.2407,0.0093,0.0133,0.0
5,2.25,0.2407,0.074,0.04519,0.0909
5,2.25,0.2407,0.1386,0.10667,0.1818
5,2.25,0.2407,0.2032,0.16654,0.2727
5,2.25,0.2407,0.2678,0.16792,0.3636
5,2.25,0.2407,0.3324,0.16944,0.4545
5,2.25,0.2407,0.397,0.17102,0.5455
5,2.25,0.2407,0.4616,0.17266,0.6364
5,2.25,0.2407,0.5262,0.17434,0.7273
5,2.25,0.2407,0.5908,0.17605,0.8182
5,2.25,0.2407,0.6554,0.17779,0.9091
5,2.25,0.2407,0.72,0.17955,1.0
6,2.7,0.293,0.0062,0.01517,0.0
6,2.7,0.293,0.0711,0.05152,0.0909
6,2.7,0.293,0.136,0.12162,0.1818
6,2.7,0.293,0.2009,0.18989,0.2727
6,2.7,0.293,0.2657,0.19147,0.3636
6,2.7,0.293,0.3306,0.19319,0.4545
6,2.7,0.293,0.3955,0.19501,0.5455
6,2.7,0.293,0.4604,0.19687,0.6364
6,2.7,0.293,0.5253,0.19879,0.7273
6,2.7,0.293,0.5902,0.20074,0.8182
6,2.7,0.293,0.6551,0.20272,0.9091
6,2.7,0.293,0.72,0.20473,1.0
7,3.15,0.3453,0.0037,0.01667,0.0
7,3.15,0.3453,0.0688,0.05663,0.0909
7,3.15,0.3453,0.1339,0.13369,0.1818
7,3.15,0.3453,0.199,0.20873,0.2727
7,3.15,0.3453,0.2641,0.21047,0.3636
7,3.15,0.3453,0.3293,0.21237,0.4545
7,3.15,0.3453,0.3944,0.21436,0.5455
7,3.15,0.3453,0.4595,0.21641,0.6364
7,3.15,0.3453,0.5246,0.21851,0.7273
7,3.15,0.3453,0.5898,0.22066,0.8182
7,3.15,0.3453,0.6549,0.22284,0.9091
7,3.15,0.3453,0.72,0.22504,1.0
8,3.6,0.3977,0.0018,0.01782,0.0
8,3.6,0.3977,0.0671,0.06054,0.0909
8,3.6,0.3977,0.1324,0.1429,0.1818
8,3.6,0.3977,0.1977,0.22312,0.2727
8,3.6,0.3977,0.263,0.22497,0.3636
8,3.6,0.3977,0.3283,0.227,0.4545
8,3.6,0.3977,0.3935,0.22913,0.5455
8,3.6,0.3977,0.4588,0.23133,0.6364
8,3.6,0.3977,0.5241,0.23357,0.7273
8,3.6,0.3977,0.5894,0.23587,0.8182
8,3.6,0.3977,0.6547,0.23819,0.9091
8,3.6,0.3977,0.72,0.24055,1.0
9,4.05,0.45,0.0006,0.01862,0.0
9,4.05,0.45,0.066,0.06325,0.0909
9,4.05,0.45,0.1314,0.14931,0.1818
9,4.05,0.45,0.1968,0.23311,0.2727
9,4.05,0.45,0.2622,0.23505,0.3636
9,4.05,0.45,0.3276,0.23717,0.4545
9,4.05,0.45,0.393,0.2394,0.5455
9,4.05,0.45,0.4584,0.24169,0.6364
9,4.05,0.45,0.5238,0.24404,0.7273
9,4.05,0.45,0.5892,0.24643,0.8182
9,4.05,0.45,0.6546,0.24886,0.9091
9,4.05,0.45,0.72,0.25133,1.0
10,4.5,0.5023,0.0,0.01907,0.0
10,4.5,0.5023,0.0655,0.0648,0.0909
10,4.5,0.5023,0.1309,0.15296,0.1818
10,4.5,0.5023,0.1964,0.23881,0.2727
10,4.5,0.5023,0.2618,0.2408,0.3636
10,4.5,0.5023,0.3273,0.24297,0.4545
10,4.5,0.5023,0.3927,0.24525,0.5455
10,4.5,0.5023,0.4582,0.2476,0.6364
10,4.5,0.5023,0.5236,0.25,0.7273
10,4.5,0.5023,0.5891,0.25246,0.8182
10,4.5,0.5023,0.6545,0.25495,0.9091
10,4.5,0.5023,0.72,0.25748,1.0
11,4.95,0.5547,0.0001,0.01919,0.0
11,4.95,0.5547,0.0656,0.06519,0.0909
11,4.95,0.5547,0.131,0.15389,0.1818
11,4.95,0.5547,0.1965,0.24027,0.2727
11,4.95,0.5547,0.2619,0.24227,0.3636
11,4.95,0.5547,0.3274,0.24446,0.4545
11,4.95,0.5547,0.3928,0.24675,0.5455
11,4.95,0.5547,0.4582,0.24911,0.6364
11,4.95,0.5547,0.5237,0.25153,0.7273
11,4.95,0.5547,0.5891,0.254,0.8182
11,4.95,0.5547,0.6546,0.25651,0.9091
11,4.95,0.5547,0.72,0.25905,1.0
12,5.4,0.607,0.0009,0.01887,0.0
12,5.4,0.607,0.0663,0.06411,0.0909
12,5.4,0.607,0.1317,0.15133,0.1818
12,5.4,0.607,0.197,0.23628,0.2727
12,5.4,0.607,0.2624,0.23824,0.3636
12,5.4,0.607,0.3278,0.24039,0.4545
12,5.4,0.607,0.3931,0.24264,0.5455
12,5.4,0.607,0.4585,0.24497,0.6364
12,5.4,0.607,0.5239,0.24735,0.7273
12,5.4,0.607,0.5893,0.24978,0.8182
12,5.4,0.607,0.6546,0.25224,0.9091
12,5.4,0.607,0.72,0.25474,1.0
13,5.85,0.6593,0.0023,0.0184,0.0
13,5.85,0.6593,0.0676,0.06257,0.0909
13,5.85,0.6593,0.1328,0.14764,0.1818
13,5.85,0.6593,0.1981,0.23045,0.2727
13,5.85,0.6593,0.2633,0.23236,0.3636
13,5.85,0.6593,0.3285,0.23446,0.4545
13,5.85,0.6593,0.3938,0.23666,0.5455
13,5.85,0.6593,0.459,0.23893,0.6364
13,5.85,0.6593,0.5243,0.24125,0.7273
13,5.85,0.6593,0.5895,0.24361,0.8182
13,5.85,0.6593,0.6548,0.24602,0.9091
13,5.85,0.6593,0.72,0.24846,1.0
14,6.3,0.7116,0.0044,0.01785,0.0
14,6.3,0.7116,0.0695,0.06227,0.0909
14,6.3,0.7116,0.1345,0.14464,0.1818
14,6.3,0.7116,0.1996,0.22351,0.2727
14,6.3,0.7116,0.2646,0.22537,0.3636
14,6.3,0.7116,0.3297,0.22741,0.4545
14,6.3,0.7116,0.3947,0.22954,0.5455
14,6.3,0.7116,0.4598,0.23174,0.6364
14,6.3,0.7116,0.5248,0.23399,0.7273
14,6.3,0.7116,0.5899,0.23629,0.8182
14,6.3,0.7116,0.6549,0.23862,0.9091
14,6.3,0.7116,0.72,0.24098,1.0
15,6.75,0.764,0.0071,0.01723,0.0
15,6.75,0.764,0.0719,0.06349,0.0909
15,6.75,0.764,0.1367,0.14257,0.1818
15,6.75,0.764,0.2015,0.21574,0.2727
15,6.75,0.764,0.2664,0.21753,0.3636
15,6.75,0.764,0.3312,0.2195,0.4545
15,6.75,0.764,0.396,0.22155,0.5455
15,6.75,0.764,0.4608,0.22368,0.6364
15,6.75,0.764,0.5256,0.22585,0.7273
15,6.75,0.764,0.5904,0.22807,0.8182
15,6.75,0.764,0.6552,0.23032,0.9091
15,6.75,0.764,0.72,0.2326,1.0
16,7.2,0.8163,0.0105,0.01655,0.0
16,7.2,0.8163,0.075,0.06554,0.0909
16,7.2,0.8163,0.1395,0.14071,0.1818
16,7.2,0.8163,0.204,0.20726,0.2727
16,7.2,0.8163,0.2685,0.20898,0.3636
16,7.2,0.8163,0.333,0.21087,0.4545
16,7.2,0.8163,0.3975,0.21285,0.5455
16,7.2,0.8163,0.462,0.21489,0.6364
16,7.2,0.8163,0.5265,0.21697,0.7273
16,7.2,0.8163,0.591,0.2191,0.8182
16,7.2,0.8163,0.6555,0.22127,0.9091
16,7.2,0.8163,0.72,0.22346,1.0
17,7.65,0.8686,0.0146,0.01583,0.0
17,7.65,0.8686,0.0787,0.06761,0.0909
17,7.65,0.8686,0.1428,0.13836,0.1818
17,7.65,0.8686,0.207,0.19818,0.2727
17,7.65,0.8686,0.2711,0.19982,0.3636
17,7.65,0.8686,0.3352,0.20163,0.4545
17,7.65,0.8686,0.3993,0.20352,0.5455
17,7.65,0.8686,0.4635,0.20547,0.6364
17,7.65,0.8686,0.5276,0.20746,0.7273
17,7.65,0.8686,0.5917,0.2095,0.8182
17,7.65,0.8686,0.6559,0.21157,0.9091
17,7.65,0.8686,0.72,0.21366,1.0
18,8.1,0.9209,0.0193,0.01336,0.0
18,8.1,0.9209,0.083,0.06093,0.0909
18,8.1,0.9209,0.1467,0.11956,0.1818
18,8.1,0.9209,0.2104,0.16723,0.2727
18,8.1,0.9209,0.2741,0.16862,0.3636
18,8.1,0.9209,0.3378,0.17014,0.4545
18,8.1,0.9209,0.4015,0.17174,0.5455
18,8.1,0.9209,0.4652,0.17338,0.6364
18,8.1,0.9209,0.5289,0.17507,0.7273
18,8.1,0.9209,0.5926,0.17679,0.8182
18,8.1,0.9209,0.6563,0.17853,0.9091
18,8.1,0.9209,0.72,0.1803,1.0
19,8.55,0.9733,0.0246,0.00251,0.0
19,8.55,0.9733,0.0878,0.01194,0.0909
19,8.55,0.9733,0.151,0.02282,0.1818
19,8.55,0.9733,0.2143,0.03146,0.2727
19,8.55,0.9733,0.2775,0.03172,0.3636
19,8.55,0.9733,0.3407,0.03201,0.4545
19,8.55,0.9733,0.4039,0.03231,0.5455
19,8.55,0.9733,0.4671,0.03262,0.6364
19,8.55,0.9733,0.5303,0.03294,0.7273
19,8.55,0.9733,0.5936,0.03326,0.8182
19,8.55,0.9733,0.6568,0.03359,0.9091
19,8.55,0.9733,0.72,0.03392,1.0
20,9.0,1.0,0.0276,7e-05,0.0
20,9.0,1.0,0.0906,0.00034,0.0909
20,9.0,1.0,0.1535,0.00066,0.1818
20,9.0,1.0,0.2164,0.0009,0.2727
20,9.0,1.0,0.2794,0.00091,0.3636
20,9.0,1.0,0.3423,0.00092,0.4545
20,9.0,1.0,0.4053,0.00093,0.5455
20,9.0,1.0,0.4682,0.00093,0.6364
20,9.0,1.0,0.5312,0.00094,0.7273
20,9.0,1.0,0.5941,0.00095,0.8182
20,9.0,1.0,0.6571,0.00096,0.9091
20,9.0,1.0,0.72,0.00097,1.0
